{
	"format_version": "1.8.0",
	"animations": {
		"walk": {
			"loop": true,
			"animation_length": 2,
			"bones": {
				"head": {
					"rotation": {
						"0.0": {
							"vector": [0, 0, 0]
						},
						"0.625": {
							"vector": [0, 5, 0]
						},
						"1.4583": {
							"vector": [0, -5, 0]
						},
						"2.0": {
							"vector": [0, 0, 0]
						}
					},
					"position": {
						"vector": [0, -4, 0]
					}
				},
				"top_gills": {
					"rotation": {
						"0.0": {
							"vector": [15, 0, 0]
						},
						"1.25": {
							"vector": [30, 0, 0]
						},
						"2.0": {
							"vector": [15, 0, 0]
						}
					},
					"position": {
						"vector": [0, -4, 0]
					}
				},
				"left_gills": {
					"rotation": {
						"0.0": {
							"vector": [0, -27.5, 0]
						},
						"1.25": {
							"vector": [0, -52.5, 0]
						},
						"2.0": {
							"vector": [0, -27.5, 0]
						}
					},
					"position": {
						"vector": [0, -4, 0]
					}
				},
				"right_gills": {
					"rotation": {
						"0.0": {
							"vector": [0, 20, 0]
						},
						"1.25": {
							"vector": [0, 40, 0]
						},
						"2.0": {
							"vector": [0, 20, 0]
						}
					},
					"position": {
						"vector": [0, -4, 0]
					}
				},
				"body": {
					"position": {
						"vector": [0, -4, 0]
					}
				},
				"leg4": {
					"rotation": {
						"0.0": {
							"vector": [102.5, -87.5, -180]
						},
						"0.5": {
							"vector": [97.36735, -52.19508, -180]
						},
						"1.2917": {
							"vector": [259.40295, -64.69636, -344.56677]
						},
						"2.0": {
							"vector": [102.5, -87.5, -180]
						}
					},
					"position": {
						"vector": [0, -4, 0]
					}
				},
				"leg2": {
					"rotation": {
						"0.0": {
							"vector": [70.80952, -73.07427, -143.08666]
						},
						"0.5": {
							"vector": [-66.64217, -63.86995, -4.75615]
						},
						"1.2917": {
							"vector": [81.22739, -51.13618, -154.65134]
						},
						"2.0": {
							"vector": [70.80952, -73.07427, -143.08666]
						}
					},
					"position": {
						"vector": [0, -4, 0]
					}
				},
				"leg3": {
					"rotation": {
						"0.0": {
							"vector": [-58.48985, -84.4446, 133.57779]
						},
						"0.5": {
							"vector": [85.27052, -52.14565, -11.29465]
						},
						"1.2917": {
							"vector": [-84.91963, -55.15402, 160.7949]
						},
						"2.0": {
							"vector": [-58.48985, -84.4446, 133.57779]
						}
					},
					"position": {
						"vector": [0, -4, 0]
					}
				},
				"leg1": {
					"rotation": {
						"0.0": {
							"vector": [86.42441, -63.8866, -10.03102]
						},
						"0.5": {
							"vector": [-85.70193, -68.51436, 162.75716]
						},
						"1.2917": {
							"vector": [87.71843, -46.40801, -11.58955]
						},
						"2.0": {
							"vector": [86.42441, -63.8866, -10.03102]
						}
					},
					"position": {
						"vector": [0, -4, 0]
					}
				},
				"tail": {
					"rotation": {
						"0.0": {
							"vector": [0, 10, 0]
						},
						"1.0": {
							"vector": [0, -7.5, 0]
						},
						"2.0": {
							"vector": [0, 10, 0]
						}
					},
					"position": {
						"vector": [0, -4, 0]
					}
				}
			}
		},
		"swim": {
			"loop": true,
			"animation_length": 2,
			"bones": {
				"head": {
					"rotation": {
						"0.0": {
							"vector": [0, 0, 0]
						},
						"1.0": {
							"vector": [5, 0, 0]
						},
						"2.0": {
							"vector": [0, 0, 0]
						}
					},
					"position": {
						"vector": [0, -4, 0]
					}
				},
				"top_gills": {
					"rotation": {
						"0.0": {
							"vector": [-30, 0, 0]
						},
						"1.0": {
							"vector": [15, 0, 0]
						},
						"2.0": {
							"vector": [-30, 0, 0]
						}
					},
					"position": {
						"0.0": {
							"vector": [0, -4, 0]
						},
						"1.0": {
							"vector": [0, -4, 0]
						}
					}
				},
				"left_gills": {
					"rotation": {
						"0.0": {
							"vector": [0, 25, 0]
						},
						"1.0": {
							"vector": [0, -22.5, 0]
						},
						"2.0": {
							"vector": [0, 25, 0]
						}
					},
					"position": {
						"vector": [0, -4, 0]
					}
				},
				"right_gills": {
					"rotation": {
						"0.0": {
							"vector": [0, -35, 0]
						},
						"1.0": {
							"vector": [0, 15, 0]
						},
						"2.0": {
							"vector": [0, -35, 0]
						}
					},
					"position": {
						"vector": [0, -4, 0]
					}
				},
				"body": {
					"rotation": {
						"0.0": {
							"vector": [5, 0, 0]
						},
						"1.0": {
							"vector": [0, 0, 0]
						},
						"2.0": {
							"vector": [5, 0, 0]
						}
					},
					"position": {
						"0.0": {
							"vector": [0, -3, 0]
						},
						"1.0": {
							"vector": [0, -4, 0]
						},
						"2.0": {
							"vector": [0, -3, 0]
						}
					}
				},
				"leg4": {
					"rotation": {
						"0.0": {
							"vector": [60, 0, -85]
						},
						"0.5": {
							"vector": [41.63252, -12.95254, -77.36926]
						},
						"1.0": {
							"vector": [65.59519, 4.04153, -95.83039]
						},
						"1.5": {
							"vector": [72.78998, -9.61513, -89.60368]
						},
						"2.0": {
							"vector": [60, 0, -85]
						}
					},
					"position": {
						"vector": [0, -4, 0]
					}
				},
				"leg2": {
					"rotation": {
						"0.0": {
							"vector": [54.58682, -8.17773, -84.22491]
						},
						"0.5": {
							"vector": [41.63252, -12.95254, -77.36926]
						},
						"1.0": {
							"vector": [61.94029, 28.81358, -108.40696]
						},
						"1.5": {
							"vector": [68.95742, -35.66429, -79.92291]
						},
						"2.0": {
							"vector": [54.58682, -8.17773, -84.22491]
						}
					},
					"position": {
						"vector": [0, -4, 0]
					}
				},
				"leg3": {
					"rotation": {
						"0.0": {
							"vector": [54.8973, 4.09405, 87.12723]
						},
						"0.5": {
							"vector": [54.91729, 20.76158, 75.76086]
						},
						"1.0": {
							"vector": [22.41729, 20.76158, 75.76086]
						},
						"1.5": {
							"vector": [30.18543, -0.08532, 116.5799]
						},
						"2.0": {
							"vector": [54.8973, 4.09405, 87.12723]
						}
					},
					"position": {
						"vector": [0, -4, 0]
					}
				},
				"leg1": {
					"rotation": {
						"0.0": {
							"vector": [51.53653, 11.84911, 80.73567]
						},
						"0.5": {
							"vector": [54.91729, 20.76158, 75.76086]
						},
						"1.0": {
							"vector": [12.63611, 27.6427, 52.22352]
						},
						"1.5": {
							"vector": [28.2241, -11.17398, 136.28533]
						},
						"2.0": {
							"vector": [51.53653, 11.84911, 80.73567]
						}
					},
					"position": {
						"vector": [0, -4, 0]
					}
				},
				"tail": {
					"rotation": {
						"0.0": {
							"vector": [-8.28901, 14.82288, 17.3958]
						},
						"0.5": {
							"vector": [-10.47479, -17.22575, 3.13388]
						},
						"1.0": {
							"vector": [24.52521, -17.22575, 3.13388]
						},
						"1.5": {
							"vector": [-3.28901, 14.82288, 17.3958]
						},
						"2.0": {
							"vector": [14.21099, 14.82288, 17.3958]
						}
					},
					"position": {
						"0.0": {
							"vector": [0, -3, 0]
						},
						"1.0": {
							"vector": [0, -4, 0]
						},
						"2.0": {
							"vector": [0, -3, 0]
						}
					}
				}
			}
		},
		"idle": {
			"loop": true,
			"animation_length": 2,
			"bones": {
				"head": {
					"rotation": {
						"0.0": {
							"vector": [0, 0, 0]
						},
						"1.0": {
							"vector": [-10, 0, 0]
						},
						"2.0": {
							"vector": [0, 0, 0]
						}
					},
					"position": {
						"vector": [0, -4, 0]
					}
				},
				"top_gills": {
					"rotation": {
						"0.0": {
							"vector": [15, 0, 0]
						},
						"1.0": {
							"vector": [-15, 0, 0]
						},
						"2.0": {
							"vector": [15, 0, 0]
						}
					},
					"position": {
						"vector": [0, -4, 0]
					}
				},
				"left_gills": {
					"rotation": {
						"0.0": {
							"vector": [0, -27.5, 0]
						},
						"1.0": {
							"vector": [0, 2.5, 0]
						},
						"2.0": {
							"vector": [0, -27.5, 0]
						}
					},
					"position": {
						"vector": [0, -4, 0]
					}
				},